"timestamp_utc","process_count","working_set_mb","private_mb","handles","cpu_seconds"
"2026-09-17T00:44:06.4134122Z","4","358.38","183.38","2170","1.16"
"2026-09-17T00:44:11.4454366Z","4","370.52","195.82","2210","1.34"
"2026-09-17T00:44:16.4559632Z","4","407.62","231.62","2287","1.8"
"2026-09-17T00:44:21.4745425Z","4","414.67","231.5","2341","2.11"
"2026-09-17T00:44:26.4988928Z","4","413.31","229.07","2341","2.28"
"2026-09-17T00:44:31.5267019Z","4","418.67","244.98","2342","2.59"
"2026-09-17T00:44:36.5569241Z","4","415.57","243.81","2343","2.73"
"2026-09-17T00:44:41.5823218Z","4","415.89","243.3","2335","2.91"
"2026-09-17T00:44:46.5996084Z","4","424.7","247.06","2354","3.39"
"2026-09-17T00:44:51.6129613Z","4","425.3","247.28","2352","3.61"
"2026-09-17T00:44:56.6331291Z","4","422.78","244.19","2353","3.61"
"2026-09-17T00:45:01.6568305Z","4","398.07","218.37","2353","3.77"
"2026-09-17T00:45:06.6743616Z","4","426.3","249.09","2365","3.98"
"2026-09-17T00:45:11.6960694Z","4","432.32","247.93","2423","4.17"
"2026-09-17T00:45:16.7138121Z","4","433.36","247.21","2422","4.27"
"2026-09-17T00:45:21.7355891Z","4","423.36","236.98","2422","4.28"
"2026-09-17T00:45:26.7578140Z","4","407.36","220.32","2422","4.28"
"2026-09-17T00:45:31.7811052Z","4","407.36","220.32","2422","4.28"
"2026-09-17T00:45:36.8053952Z","4","407.36","220.32","2422","4.28"
"2026-09-17T00:45:41.8260191Z","4","407.36","220.32","2422","4.28"
"2026-09-17T00:45:46.8484589Z","4","407.31","220.24","2414","4.3"
"2026-09-17T00:45:51.8642855Z","4","405.97","220.12","2408","4.3"
"2026-09-17T00:45:56.8765210Z","4","413.59","222.45","2423","4.53"
"2026-09-17T00:46:01.9009986Z","4","459.25","263.16","2462","5.19"
"2026-09-17T00:46:06.9218486Z","4","475.75","276.64","2459","5.61"
"2026-09-17T00:46:11.9390983Z","4","492.86","288.79","2463","6.2"
"2026-09-17T00:46:16.9501532Z","4","456.12","250.14","2462","6.67"
"2026-09-17T00:46:21.9632765Z","4","443.04","238.82","2466","7.09"
"2026-09-17T00:46:26.9899746Z","4","456.63","252.18","2469","7.42"
"2026-09-17T00:46:32.0121989Z","4","456.23","251.66","2468","7.56"
"2026-09-17T00:46:37.0344448Z","4","456.21","251.83","2474","7.91"
"2026-09-17T00:46:42.0501995Z","4","477.52","268.19","2468","8.55"
"2026-09-17T00:46:47.0812443Z","4","464.23","257.79","2469","9.02"
"2026-09-17T00:46:52.0991202Z","4","467.48","262.21","2461","9.19"
"2026-09-17T00:46:57.1144401Z","4","458.41","250.18","2506","9.36"
"2026-09-17T00:47:02.1356425Z","4","455.37","247.39","2509","9.75"
"2026-09-17T00:47:07.1586427Z","4","461.83","252.54","2506","10.16"
"2026-09-17T00:47:12.1876383Z","4","454.38","244.52","2487","10.17"
"2026-09-17T00:47:17.2073207Z","4","438.96","229.14","2487","10.17"
"2026-09-17T00:47:22.2300392Z","4","432.65","222.82","2487","10.19"
"2026-09-17T00:47:27.2860236Z","4","432.68","222.7","2487","10.2"
"2026-09-17T00:47:32.3000673Z","4","432.7","222.7","2491","10.2"
"2026-09-17T00:47:37.3196571Z","4","428.86","218.87","2491","10.2"
"2026-09-17T00:47:42.3488440Z","4","429.16","219.14","2489","10.2"
"2026-09-17T00:47:47.3640151Z","4","429.18","219.16","2491","10.25"
"2026-09-17T00:47:52.3887117Z","4","429.18","219.14","2491","10.25"
"2026-09-17T00:47:57.4071759Z","4","429.18","219.13","2493","10.25"
"2026-09-17T00:48:02.4245524Z","4","429.1","219.07","2493","10.25"
"2026-09-17T00:48:07.4407214Z","4","426.25","216.21","2489","10.25"
"2026-09-17T00:48:12.4679841Z","4","426.26","216.21","2489","10.28"
"2026-09-17T00:48:17.4913061Z","4","426.32","216.21","2489","10.3"
"2026-09-17T00:48:22.5077283Z","4","426.32","216.21","2489","10.3"
"2026-09-17T00:48:27.5248893Z","4","426.32","216.21","2489","10.3"
"2026-09-17T00:48:32.5438867Z","4","426.47","216.48","2488","10.41"
"2026-09-17T00:48:37.5617398Z","4","426.47","216.48","2485","10.41"
"2026-09-17T00:48:42.5769745Z","4","426.47","216.48","2485","10.41"
"2026-09-17T00:48:47.5905348Z","4","426.47","216.48","2487","10.41"
"2026-09-17T00:48:52.6052416Z","4","427.14","216.62","2487","10.45"
"2026-09-17T00:48:57.6178185Z","4","427.14","216.62","2487","10.45"
"2026-09-17T00:49:02.6332057Z","4","427.14","216.62","2487","10.47"
"2026-09-17T00:49:07.6538803Z","4","427.04","216.48","2487","10.47"
"2026-09-17T00:49:12.6705897Z","4","427.04","216.48","2487","10.47"
"2026-09-17T00:49:17.6998681Z","4","427.04","216.48","2487","10.47"
"2026-09-17T00:49:22.7193441Z","4","427.04","216.48","2487","10.47"
"2026-09-17T00:49:27.7381656Z","4","427.04","216.48","2487","10.47"
"2026-09-17T00:49:32.7595373Z","4","427.04","216.48","2487","10.47"
"2026-09-17T00:49:37.7871844Z","4","427.04","216.48","2488","10.47"
"2026-09-17T00:49:42.8131237Z","4","427.04","216.48","2488","10.47"
"2026-09-17T00:49:47.8303404Z","4","427.04","216.48","2488","10.47"
"2026-09-17T00:49:52.8500710Z","4","427.04","216.48","2488","10.47"
"2026-09-17T00:49:57.8686866Z","4","427.04","216.48","2488","10.47"
"2026-09-17T00:50:02.8859612Z","4","427.04","216.48","2488","10.47"
"2026-09-17T00:50:07.9061573Z","4","427.04","216.48","2488","10.47"
"2026-09-17T00:50:12.9333208Z","4","427.04","216.48","2488","10.47"
"2026-09-17T00:50:17.9536322Z","4","427.04","216.48","2488","10.47"
"2026-09-17T00:50:22.9670320Z","4","427.04","216.48","2488","10.47"
"2026-09-17T00:50:27.9813044Z","4","427.04","216.48","2488","10.48"
"2026-09-17T00:50:32.9999445Z","4","426.95","216.27","2480","10.52"
"2026-09-17T00:50:38.0273581Z","4","426.95","216.27","2480","10.53"
"2026-09-17T00:50:43.0448086Z","4","426.95","216.27","2480","10.53"
"2026-09-17T00:50:48.0626241Z","4","426.95","216.27","2480","10.53"
"2026-09-17T00:50:53.0830167Z","4","427.02","216.37","2490","10.53"
"2026-09-17T00:50:58.1051720Z","4","427.02","216.37","2490","10.55"
"2026-09-17T00:51:03.1261844Z","4","427.02","216.37","2490","10.55"
"2026-09-17T00:51:08.1477667Z","4","427.02","216.37","2490","10.55"
"2026-09-17T00:51:13.1730379Z","4","427.01","216.36","2490","10.55"
"2026-09-17T00:51:18.2004560Z","4","427.01","216.36","2490","10.55"
"2026-09-17T00:51:23.2272919Z","4","427.01","216.36","2490","10.55"
"2026-09-17T00:51:28.2495245Z","4","427.01","216.36","2490","10.55"
"2026-09-17T00:51:33.2667569Z","4","427.01","216.36","2490","10.56"
"2026-09-17T00:51:38.2838522Z","4","427","216.33","2488","10.61"
"2026-09-17T00:51:43.3124921Z","4","427","216.33","2489","10.62"
"2026-09-17T00:51:48.3380494Z","4","427.01","216.36","2489","10.62"
"2026-09-17T00:51:53.3588950Z","4","423.5","216.35","2488","10.62"
"2026-09-17T00:51:58.3850377Z","4","423.5","216.35","2488","10.62"
"2026-09-17T00:52:03.4008351Z","4","423.5","216.35","2488","10.62"
"2026-09-17T00:52:08.4273571Z","4","423.5","216.35","2488","10.62"
"2026-09-17T00:52:13.4428196Z","4","423.5","216.35","2488","10.64"
"2026-09-17T00:52:18.4695789Z","4","423.5","216.35","2488","10.66"
"2026-09-17T00:52:23.4858231Z","4","423.51","216.35","2488","10.66"
"2026-09-17T00:52:28.5021723Z","4","423.51","216.35","2488","10.66"
"2026-09-17T00:52:33.5806035Z","4","423.51","216.35","2488","10.69"
"2026-09-17T00:52:38.6114706Z","4","423.51","216.35","2488","10.69"
"2026-09-17T00:52:43.6263026Z","4","423.51","216.35","2488","10.69"
"2026-09-17T00:52:48.6409583Z","4","423.42","216.18","2473","10.7"
"2026-09-17T00:52:53.6645976Z","4","423.44","216.18","2473","10.77"
"2026-09-17T00:52:58.6912093Z","4","424.11","217.02","2473","10.91"
"2026-09-17T00:53:03.7064892Z","4","424.46","217.41","2473","11"
"2026-09-17T00:53:08.7223823Z","4","422.87","217.41","2473","11.02"
"2026-09-17T00:53:13.7405672Z","4","422.87","217.41","2473","11.02"
"2026-09-17T00:53:18.7610751Z","4","422.85","217.38","2469","11.06"
"2026-09-17T00:53:23.8461523Z","4","422.85","217.38","2469","11.06"
"2026-09-17T00:53:28.8719296Z","4","422.85","217.38","2469","11.06"
"2026-09-17T00:53:33.8847845Z","4","422.85","217.38","2469","11.08"
"2026-09-17T00:53:38.9066817Z","4","422.85","217.38","2469","11.08"
"2026-09-17T00:53:43.9244978Z","4","422.85","217.38","2469","11.08"
"2026-09-17T00:53:48.9517819Z","4","422.99","217.6","2469","11.08"
"2026-09-17T00:53:53.9667264Z","4","422.91","217.6","2469","11.09"
"2026-09-17T00:53:58.9807796Z","4","422.91","217.6","2469","11.09"
"2026-09-17T00:54:04.0005353Z","4","422.7","217.6","2469","11.09"
"2026-09-17T00:54:09.0280187Z","4","421.61","217.6","2469","11.09"
"2026-09-17T00:54:14.0401880Z","4","420.78","217.6","2469","11.09"
"2026-09-17T00:54:19.0616907Z","4","420.78","217.6","2469","11.09"
"2026-09-17T00:54:24.0903950Z","4","420.78","217.6","2469","11.09"
"2026-09-17T00:54:29.1112570Z","4","420.78","217.6","2469","11.09"
"2026-09-17T00:54:34.1306825Z","4","420.78","217.6","2469","11.09"
"2026-09-17T00:54:39.1464628Z","4","420.78","217.6","2469","11.09"
"2026-09-17T00:54:44.1645385Z","4","420.78","217.6","2469","11.09"
"2026-09-17T00:54:49.1847725Z","4","420.78","217.6","2469","11.09"
"2026-09-17T00:54:54.2032022Z","4","420.78","217.6","2469","11.09"
"2026-09-17T00:54:59.2201688Z","4","420.65","217.34","2467","11.09"
"2026-09-17T00:55:04.2379064Z","4","420.65","217.34","2467","11.09"
"2026-09-17T00:55:09.2571364Z","4","420.65","217.34","2467","11.09"
"2026-09-17T00:55:14.2745406Z","4","420.65","217.34","2467","11.09"
"2026-09-17T00:55:19.2940704Z","4","420.65","217.34","2467","11.09"
"2026-09-17T00:55:24.3187975Z","4","420.65","217.34","2467","11.09"
"2026-09-17T00:55:29.3349773Z","4","420.65","217.34","2467","11.09"
"2026-09-17T00:55:34.3598959Z","4","420.65","217.34","2467","11.09"
"2026-09-17T00:55:39.3769529Z","4","420.65","217.34","2467","11.09"
"2026-09-17T00:55:44.3885570Z","4","420.65","217.34","2467","11.09"
"2026-09-17T00:55:49.4024592Z","4","420.65","217.35","2467","11.09"
"2026-09-17T00:55:54.4267935Z","4","420.65","217.35","2467","11.09"
"2026-09-17T00:55:59.4365267Z","4","420.65","217.35","2467","11.09"
"2026-09-17T00:56:04.4502690Z","4","420.65","217.35","2467","11.09"
"2026-09-17T00:56:09.4641849Z","4","420.63","217.32","2467","11.09"
"2026-09-17T00:56:14.4790459Z","4","420.64","217.32","2467","11.11"
"2026-09-17T00:56:19.4968428Z","4","420.66","217.35","2467","11.11"
"2026-09-17T00:56:24.5183584Z","4","420.66","217.35","2467","11.11"
"2026-09-17T00:56:29.5435889Z","4","420.65","217.35","2467","11.11"
"2026-09-17T00:56:34.5585543Z","4","420.65","217.35","2467","11.11"
"2026-09-17T00:56:39.5817746Z","4","420.65","217.35","2467","11.11"
"2026-09-17T00:56:44.5964373Z","4","420.65","217.35","2467","11.12"
"2026-09-17T00:56:49.6226358Z","4","420.65","217.35","2467","11.12"
"2026-09-17T00:56:54.6465719Z","4","420.65","217.35","2467","11.12"
"2026-09-17T00:56:59.6626028Z","4","420.65","217.35","2467","11.12"
"2026-09-17T00:57:04.6844075Z","4","420.65","217.35","2467","11.12"
"2026-09-17T00:57:09.6990168Z","4","420.65","217.35","2467","11.12"
"2026-09-17T00:57:14.7292466Z","4","420.65","217.35","2467","11.12"
"2026-09-17T00:57:19.7516628Z","4","420.65","217.35","2467","11.12"
"2026-09-17T00:57:24.7644213Z","4","420.65","217.35","2467","11.12"
"2026-09-17T00:57:29.7895651Z","4","420.65","217.35","2467","11.12"
"2026-09-17T00:57:34.8006325Z","4","420.65","217.35","2467","11.12"
"2026-09-17T00:57:39.8222579Z","4","420.65","217.35","2467","11.17"
"2026-09-17T00:57:44.8438873Z","4","420.65","217.35","2467","11.17"
"2026-09-17T00:57:49.8742611Z","4","420.65","217.35","2467","11.19"
"2026-09-17T00:57:54.8981137Z","4","420.65","217.35","2467","11.19"
"2026-09-17T00:57:59.9168509Z","4","420.65","217.35","2467","11.19"
"2026-09-17T00:58:04.9451571Z","4","420.65","217.35","2467","11.19"
"2026-09-17T00:58:09.9596834Z","4","420.64","217.35","2467","11.19"
"2026-09-17T00:58:14.9796782Z","4","420.64","217.35","2467","11.19"
"2026-09-17T00:58:20.0052247Z","4","420.64","217.35","2467","11.19"
"2026-09-17T00:58:25.0243309Z","4","420.64","217.35","2467","11.19"
"2026-09-17T00:58:30.0508084Z","4","420.64","217.35","2467","11.19"
"2026-09-17T00:58:35.0724821Z","4","420.64","217.35","2467","11.22"
"2026-09-17T00:58:40.0981871Z","4","420.64","217.35","2467","11.22"
"2026-09-17T00:58:45.1195137Z","4","420.64","217.35","2467","11.25"
"2026-09-17T00:58:50.1314726Z","4","419.8","217.23","2455","11.25"
"2026-09-17T00:58:55.1569553Z","4","419.8","217.23","2455","11.28"
"2026-09-17T00:59:00.1758764Z","4","419.8","217.23","2455","11.28"
"2026-09-17T00:59:05.2045139Z","4","419.43","217.23","2455","11.3"
"2026-09-17T00:59:10.2286297Z","4","419.43","217.23","2455","11.31"
"2026-09-17T00:59:15.2538622Z","4","419.43","217.23","2455","11.31"
"2026-09-17T00:59:20.2681600Z","4","419.43","217.23","2455","11.31"
"2026-09-17T00:59:25.2829265Z","4","419.41","217.23","2455","11.31"
"2026-09-17T00:59:30.3083453Z","4","419.42","217.23","2455","11.33"
"2026-09-17T00:59:35.3271881Z","4","419.42","217.23","2455","11.34"
"2026-09-17T00:59:40.3415712Z","4","419.42","217.23","2455","11.34"
"2026-09-17T00:59:45.3691108Z","4","419.42","217.23","2455","11.34"
"2026-09-17T00:59:50.3893593Z","4","419.42","217.23","2455","11.36"
"2026-09-17T00:59:55.4107861Z","4","419.42","217.23","2455","11.36"
"2026-09-17T01:00:00.4269882Z","4","419.42","217.23","2455","11.36"
"2026-09-17T01:00:05.4565405Z","4","419.42","217.23","2455","11.36"
"2026-09-17T01:00:10.4851100Z","4","419.42","217.23","2455","11.41"
"2026-09-17T01:00:15.5021948Z","4","419.42","217.23","2455","11.41"
"2026-09-17T01:00:20.5226834Z","4","419.42","217.23","2455","11.41"
"2026-09-17T01:00:25.5423957Z","4","419.42","217.23","2455","11.41"
"2026-09-17T01:00:30.5554014Z","4","419.42","217.23","2455","11.41"
"2026-09-17T01:00:35.5760430Z","4","419.39","217.16","2453","11.41"
"2026-09-17T01:00:40.5894907Z","4","419.39","217.16","2453","11.41"
"2026-09-17T01:00:45.6105192Z","4","419.39","217.16","2453","11.41"
"2026-09-17T01:00:50.6354613Z","4","419.4","217.2","2453","11.45"
"2026-09-17T01:00:55.6493374Z","4","419.4","217.2","2453","11.45"
"2026-09-17T01:01:00.6751827Z","4","419.4","217.2","2453","11.48"
"2026-09-17T01:01:05.6930897Z","4","419.4","217.2","2453","11.48"
"2026-09-17T01:01:10.7158930Z","4","419.41","217.2","2453","11.48"
"2026-09-17T01:01:15.7400277Z","4","419.41","217.2","2453","11.48"
"2026-09-17T01:01:20.7557278Z","4","419.41","217.2","2453","11.48"
"2026-09-17T01:01:25.7721630Z","4","419.41","217.2","2453","11.48"
"2026-09-17T01:01:30.7890718Z","4","419.41","217.2","2453","11.5"
"2026-09-17T01:01:35.8098677Z","4","419.41","217.2","2453","11.5"
"2026-09-17T01:01:40.8362182Z","4","419.41","217.2","2453","11.5"
"2026-09-17T01:01:45.8506385Z","4","419.41","217.2","2453","11.5"
"2026-09-17T01:01:50.8724118Z","4","419.41","217.2","2453","11.5"
"2026-09-17T01:01:55.8877138Z","4","419.41","217.2","2453","11.5"
"2026-09-17T01:02:00.9053622Z","4","419.41","217.2","2453","11.5"
"2026-09-17T01:02:05.9243618Z","4","419.41","217.2","2453","11.5"
"2026-09-17T01:02:10.9460007Z","4","419.41","217.2","2453","11.52"
"2026-09-17T01:02:15.9656196Z","4","419.41","217.2","2453","11.52"
"2026-09-17T01:02:20.9825071Z","4","419.41","217.2","2453","11.52"
"2026-09-17T01:02:25.9978020Z","4","419.41","217.2","2453","11.52"
"2026-09-17T01:02:31.0243530Z","4","419.41","217.2","2453","11.52"
"2026-09-17T01:02:36.0408738Z","4","419.41","217.2","2453","11.52"
"2026-09-17T01:02:41.0583012Z","4","419.41","217.2","2453","11.52"
"2026-09-17T01:02:46.0867734Z","4","419.41","217.2","2453","11.52"
"2026-09-17T01:02:51.1061376Z","4","419.41","217.2","2453","11.52"
"2026-09-17T01:02:56.1267290Z","4","419.41","217.2","2453","11.52"
"2026-09-17T01:03:01.1479620Z","4","419.41","217.2","2453","11.52"
"2026-09-17T01:03:06.1608326Z","4","419.41","217.2","2453","11.53"
"2026-09-17T01:03:11.1749130Z","4","419.36","217.2","2453","11.53"
"2026-09-17T01:03:16.1926763Z","4","419.36","217.2","2453","11.53"
"2026-09-17T01:03:21.2148181Z","4","419.38","217.23","2453","11.53"
"2026-09-17T01:03:26.2334753Z","4","419.38","217.23","2453","11.53"
"2026-09-17T01:03:31.2538404Z","4","419.38","217.23","2453","11.53"
"2026-09-17T01:03:36.2674472Z","4","419.38","217.23","2453","11.53"
"2026-09-17T01:03:41.2842545Z","4","419.38","217.23","2453","11.53"
"2026-09-17T01:03:46.3104483Z","4","419.38","217.23","2453","11.53"
"2026-09-17T01:03:51.3293871Z","4","419.38","217.23","2453","11.53"
"2026-09-17T01:03:56.3455003Z","4","419.38","217.23","2453","11.53"
"2026-09-17T01:04:01.3695008Z","4","419.38","217.23","2453","11.55"
"2026-09-17T01:04:06.3859077Z","4","419.38","217.23","2453","11.55"
"2026-09-17T01:04:11.4064325Z","4","419.38","217.22","2457","11.55"
"2026-09-17T01:04:16.4181240Z","4","457.33","251.56","2467","11.73"
"2026-09-17T01:04:21.4330758Z","4","472.23","266.28","2458","12.09"
"2026-09-17T01:04:26.4457720Z","4","481.1","274.69","2468","12.53"
"2026-09-17T01:04:31.4631021Z","4","476.21","267.62","2474","13"
"2026-09-17T01:04:36.4794002Z","4","467.21","261.42","2467","13.03"
"2026-09-17T01:04:41.4981847Z","4","452.44","246.37","2467","13.05"
"2026-09-17T01:04:46.5141337Z","4","442.82","236.46","2467","13.08"
"2026-09-17T01:04:51.5365394Z","4","442.81","236.42","2467","13.08"
"2026-09-17T01:04:56.5516028Z","4","438.9","232.5","2467","13.09"
"2026-09-17T01:05:01.5632990Z","4","438.9","232.5","2467","13.09"
"2026-09-17T01:05:06.5833878Z","4","438.9","232.5","2467","13.09"
"2026-09-17T01:05:11.6063833Z","4","438.79","232.39","2467","13.09"
"2026-09-17T01:05:16.6315251Z","4","436.72","231.77","2468","13.09"
"2026-09-17T01:05:21.6580976Z","4","436.71","231.76","2468","13.11"
"2026-09-17T01:05:26.6724334Z","4","436.71","231.76","2468","13.11"
"2026-09-17T01:05:31.6952112Z","4","436.67","231.68","2460","13.11"
"2026-09-17T01:05:36.7132067Z","4","436.67","231.68","2460","13.11"
"2026-09-17T01:05:41.7428407Z","4","436.67","231.68","2460","13.11"
"2026-09-17T01:05:46.7614321Z","4","436.67","231.68","2460","13.11"
"2026-09-17T01:05:51.7834906Z","4","436.67","231.68","2460","13.14"
"2026-09-17T01:05:56.7979084Z","4","436.67","231.68","2460","13.14"
"2026-09-17T01:06:01.8138803Z","4","436.67","231.68","2460","13.14"
"2026-09-17T01:06:06.8382934Z","4","436.67","231.68","2460","13.14"
"2026-09-17T01:06:11.8618221Z","4","436.61","231.56","2456","13.14"
"2026-09-17T01:06:16.8782341Z","4","436.61","231.56","2456","13.14"
"2026-09-17T01:06:21.8929868Z","4","436.61","231.56","2456","13.16"
"2026-09-17T01:06:26.9059462Z","4","436.61","231.56","2456","13.16"
"2026-09-17T01:06:31.9153912Z","4","436.59","231.53","2454","13.17"
"2026-09-17T01:06:36.9304723Z","4","436.59","231.53","2454","13.17"
"2026-09-17T01:06:41.9435769Z","4","436.59","231.53","2454","13.17"
"2026-09-17T01:06:46.9664938Z","4","436.59","231.53","2456","13.19"
"2026-09-17T01:06:51.9814102Z","4","436.59","231.53","2456","13.19"
"2026-09-17T01:06:56.9986744Z","4","436.59","231.53","2456","13.19"
"2026-09-17T01:07:02.0191880Z","4","436.59","231.53","2456","13.2"
"2026-09-17T01:07:07.0342707Z","4","436.59","231.53","2456","13.22"
"2026-09-17T01:07:12.0599240Z","4","436.59","231.53","2456","13.22"
"2026-09-17T01:07:17.0853941Z","4","436.59","231.53","2456","13.22"
"2026-09-17T01:07:22.1125411Z","4","436.59","231.53","2456","13.22"
"2026-09-17T01:07:27.1314639Z","4","436.59","231.53","2456","13.22"
"2026-09-17T01:07:32.1563134Z","4","436.59","231.53","2456","13.22"
"2026-09-17T01:07:37.1720353Z","4","436.59","231.53","2456","13.22"
"2026-09-17T01:07:42.1903425Z","4","436.59","231.53","2456","13.22"
"2026-09-17T01:07:47.2047776Z","4","436.59","231.53","2456","13.22"
"2026-09-17T01:07:52.2226711Z","4","436.59","231.53","2456","13.22"
"2026-09-17T01:07:57.2443357Z","4","436.59","231.53","2456","13.22"
"2026-09-17T01:08:02.2565028Z","4","436.59","231.53","2456","13.22"
"2026-09-17T01:08:07.2759835Z","4","436.59","231.53","2456","13.23"
"2026-09-17T01:08:12.2951607Z","4","436.59","231.53","2456","13.25"
"2026-09-17T01:08:17.3260255Z","4","436.59","231.53","2456","13.25"
"2026-09-17T01:08:22.3553643Z","4","436.59","231.53","2456","13.25"
"2026-09-17T01:08:27.3807386Z","4","436.59","231.53","2456","13.25"
"2026-09-17T01:08:32.3955791Z","4","436.59","231.53","2456","13.25"
"2026-09-17T01:08:37.4088734Z","4","436.59","231.53","2456","13.25"
"2026-09-17T01:08:42.4237109Z","4","436.59","231.53","2456","13.25"
"2026-09-17T01:08:47.4410808Z","4","436.59","231.53","2456","13.25"
"2026-09-17T01:08:52.4703270Z","4","436.61","231.56","2456","13.25"
"2026-09-17T01:08:57.4857105Z","4","436.61","231.56","2456","13.25"
"2026-09-17T01:09:02.5048297Z","4","436.61","231.56","2456","13.25"
"2026-09-17T01:09:07.5294468Z","4","436.61","231.56","2456","13.27"
"2026-09-17T01:09:12.5482779Z","4","436.61","231.56","2456","13.27"
"2026-09-17T01:09:17.5651373Z","4","436.61","231.56","2456","13.27"
"2026-09-17T01:09:22.5787980Z","4","436.61","231.56","2456","13.27"
"2026-09-17T01:09:27.6019956Z","4","436.61","231.56","2456","13.27"
"2026-09-17T01:09:32.6248704Z","4","436.61","231.56","2456","13.27"
"2026-09-17T01:09:37.6529939Z","4","436.61","231.56","2456","13.27"
"2026-09-17T01:09:42.6813953Z","4","436.61","231.56","2456","13.27"
"2026-09-17T01:09:47.6990353Z","4","436.61","231.56","2456","13.27"
"2026-09-17T01:09:52.7143853Z","4","436.61","231.56","2456","13.27"
"2026-09-17T01:09:57.7363500Z","4","436.61","231.56","2456","13.27"
"2026-09-17T01:10:02.7555605Z","4","436.61","231.56","2456","13.27"
"2026-09-17T01:10:07.7722356Z","4","436.61","231.56","2456","13.28"
"2026-09-17T01:10:12.7924690Z","4","436.61","231.56","2456","13.28"
"2026-09-17T01:10:17.8176879Z","4","433.09","231.55","2455","13.28"
"2026-09-17T01:10:22.8351074Z","4","433.09","231.55","2455","13.3"
"2026-09-17T01:10:27.8482055Z","4","433.09","231.55","2455","13.3"
"2026-09-17T01:10:32.8618101Z","4","433.12","231.59","2457","13.3"
"2026-09-17T01:10:37.8928963Z","4","433.12","231.59","2457","13.3"
"2026-09-17T01:10:42.9210602Z","4","433.12","231.59","2457","13.31"
"2026-09-17T01:10:47.9329285Z","4","433.12","231.59","2457","13.31"
"2026-09-17T01:10:52.9610307Z","4","433.12","231.59","2457","13.31"
"2026-09-17T01:10:57.9875794Z","4","433.12","231.59","2457","13.31"
"2026-09-17T01:11:03.0101604Z","4","433.12","231.59","2457","13.31"
"2026-09-17T01:11:08.0242082Z","4","433.12","231.59","2457","13.31"
"2026-09-17T01:11:13.0478826Z","4","433.12","231.59","2457","13.33"
"2026-09-17T01:11:18.0733302Z","4","433.12","231.59","2457","13.34"
"2026-09-17T01:11:23.0859789Z","4","433.12","231.59","2457","13.34"
"2026-09-17T01:11:28.1052427Z","4","433.12","231.59","2457","13.34"
"2026-09-17T01:11:33.1193362Z","4","433.12","231.59","2457","13.34"
"2026-09-17T01:11:38.1430296Z","4","433.12","231.59","2457","13.34"
"2026-09-17T01:11:43.1697878Z","4","433.12","231.59","2457","13.38"
"2026-09-17T01:11:48.1942602Z","4","433.08","231.52","2455","13.38"
"2026-09-17T01:11:53.2224844Z","4","433.08","231.52","2455","13.38"
"2026-09-17T01:11:58.2461733Z","4","433.08","231.52","2455","13.41"
"2026-09-17T01:12:03.2624087Z","4","433.08","231.52","2455","13.41"
"2026-09-17T01:12:08.2882991Z","4","433.08","231.52","2455","13.42"
"2026-09-17T01:12:13.3081925Z","4","433.08","231.52","2455","13.42"
"2026-09-17T01:12:18.3313212Z","4","433.08","231.52","2455","13.42"
"2026-09-17T01:12:23.3475193Z","4","433.08","231.52","2455","13.42"
"2026-09-17T01:12:28.3760103Z","4","433.08","231.52","2455","13.45"
"2026-09-17T01:12:33.3935035Z","4","433.08","231.52","2455","13.45"
"2026-09-17T01:12:38.4093976Z","4","433.08","231.52","2455","13.47"
"2026-09-17T01:12:43.4339931Z","4","433.08","231.52","2455","13.48"
"2026-09-17T01:12:48.4608215Z","4","433.09","231.52","2455","13.5"
"2026-09-17T01:12:53.4737438Z","4","433.09","231.52","2455","13.52"
"2026-09-17T01:12:58.4869367Z","4","433.09","231.52","2455","13.52"
"2026-09-17T01:13:03.5179339Z","4","433.23","231.74","2455","13.53"
"2026-09-17T01:13:08.5366110Z","4","433.23","231.74","2455","13.55"
"2026-09-17T01:13:13.5609154Z","4","433.13","231.74","2455","13.55"
"2026-09-17T01:13:18.5776782Z","4","433.13","231.74","2455","13.56"
"2026-09-17T01:13:23.6022147Z","4","433.13","231.74","2455","13.56"
"2026-09-17T01:13:28.6231873Z","4","432.5","231.07","2455","13.58"
"2026-09-17T01:13:33.6469402Z","4","432.48","231.05","2455","13.58"
"2026-09-17T01:13:38.6682518Z","4","432.48","231.05","2455","13.58"
"2026-09-17T01:13:43.6955672Z","4","432.52","231.05","2455","13.62"
"2026-09-17T01:13:48.7173663Z","4","432.52","231.05","2455","13.64"
"2026-09-17T01:13:53.7323395Z","4","432.52","231.05","2455","13.64"
"2026-09-17T01:13:58.7558844Z","4","432.52","231.05","2455","13.64"
"2026-09-17T01:14:03.7753144Z","4","432.74","231.05","2455","13.72"
"2026-09-17T01:14:08.7883078Z","4","432.74","231.05","2455","13.73"
"2026-09-17T01:14:13.8077086Z","4","432.89","231.33","2455","13.77"
"2026-09-17T01:14:18.8350284Z","4","433.02","231.46","2455","14.03"
"2026-09-17T01:14:23.8512280Z","4","433.03","231.45","2455","14.05"
"2026-09-17T01:14:28.8798199Z","4","433.03","231.45","2455","14.05"
"2026-09-17T01:14:33.8941976Z","4","433.28","231.75","2455","14.16"
"2026-09-17T01:14:38.9178112Z","4","434.23","231.2","2464","14.47"
"2026-09-17T01:14:43.9319513Z","4","434.1","231.09","2464","14.53"
"2026-09-17T01:14:48.9495823Z","4","434.1","231.09","2464","14.53"
"2026-09-17T01:14:53.9678530Z","4","434.1","231.09","2464","14.53"
"2026-09-17T01:14:58.9810630Z","4","434.1","231.09","2464","14.55"
"2026-09-17T01:15:03.9962654Z","4","434.1","231.09","2464","14.56"
"2026-09-17T01:15:09.0119510Z","4","434.02","230.9","2462","14.59"
"2026-09-17T01:15:14.0264770Z","4","434.02","230.9","2462","14.61"
"2026-09-17T01:15:19.0467006Z","4","434","230.87","2462","14.61"
"2026-09-17T01:15:24.0683667Z","4","434","230.87","2462","14.61"
"2026-09-17T01:15:29.0795123Z","4","434","230.87","2462","14.61"
"2026-09-17T01:15:34.1046409Z","4","434","230.87","2462","14.61"
"2026-09-17T01:15:39.1204284Z","4","434","230.87","2462","14.61"
"2026-09-17T01:15:44.1393096Z","4","434","230.87","2462","14.61"
"2026-09-17T01:15:49.1618067Z","4","434","230.87","2462","14.61"
"2026-09-17T01:15:54.1800399Z","4","434","230.87","2462","14.61"
"2026-09-17T01:15:59.1988834Z","4","434","230.87","2462","14.61"
"2026-09-17T01:16:04.2216206Z","4","434.02","230.88","2462","14.61"
"2026-09-17T01:16:09.2340605Z","4","434.07","231","2462","14.61"
"2026-09-17T01:16:14.2544024Z","4","434.07","231","2462","14.61"
"2026-09-17T01:16:19.2795693Z","4","434.07","231","2462","14.61"
"2026-09-17T01:16:24.3017215Z","4","434.07","231","2462","14.62"
"2026-09-17T01:16:29.3151437Z","4","434.07","231","2462","14.62"
"2026-09-17T01:16:34.3389334Z","4","434.07","231","2462","14.62"
"2026-09-17T01:16:39.3669457Z","4","434.07","231","2462","14.62"
"2026-09-17T01:16:44.3952109Z","4","434.07","231","2462","14.62"
"2026-09-17T01:16:49.4229404Z","4","434.07","231","2462","14.62"
"2026-09-17T01:16:54.4449566Z","4","434.07","231","2462","14.64"
"2026-09-17T01:16:59.4702262Z","4","434.07","231","2462","14.66"
"2026-09-17T01:17:04.4966987Z","4","434.07","231","2462","14.66"
"2026-09-17T01:17:09.5129262Z","4","434.07","231","2462","14.66"
"2026-09-17T01:17:14.5438723Z","4","434.07","231","2462","14.66"
"2026-09-17T01:17:19.5603220Z","4","434","230.84","2462","14.66"
"2026-09-17T01:17:24.5874200Z","4","434","230.84","2462","14.66"
"2026-09-17T01:17:29.6082027Z","4","434","230.84","2462","14.66"
"2026-09-17T01:17:34.6352457Z","4","434","230.84","2462","14.66"
"2026-09-17T01:17:39.6566511Z","4","434","230.84","2462","14.66"
"2026-09-17T01:17:44.6812295Z","4","434","230.84","2462","14.66"
"2026-09-17T01:17:49.7032983Z","4","434","230.84","2462","14.66"
"2026-09-17T01:17:54.7340927Z","4","434","230.84","2462","14.66"
"2026-09-17T01:17:59.7586626Z","4","434","230.84","2462","14.66"
"2026-09-17T01:18:04.7816745Z","4","434.05","230.92","2468","14.66"
"2026-09-17T01:18:09.8098995Z","4","434.05","230.92","2468","14.66"
"2026-09-17T01:18:14.8245533Z","4","384.6","230.92","2468","14.66"
"2026-09-17T01:18:19.8466131Z","4","384.6","230.92","2468","14.66"
"2026-09-17T01:18:24.8720611Z","4","384.6","230.92","2468","14.67"
"2026-09-17T01:18:29.8964352Z","4","384.6","230.92","2468","14.67"
"2026-09-17T01:18:34.9228128Z","4","384.63","230.98","2466","14.7"
"2026-09-17T01:18:39.9471944Z","4","384.63","230.98","2466","14.7"
"2026-09-17T01:18:44.9613807Z","4","384.63","230.98","2466","14.7"
"2026-09-17T01:18:49.9843827Z","4","384.63","230.98","2466","14.73"
"2026-09-17T01:18:55.0102272Z","4","384.63","230.98","2466","14.73"
"2026-09-17T01:19:00.0299013Z","4","384.63","230.98","2466","14.73"
"2026-09-17T01:19:05.0597918Z","4","384.63","230.98","2466","14.73"
"2026-09-17T01:19:10.0893282Z","4","384.63","230.98","2466","14.73"
"2026-09-17T01:19:15.1133952Z","4","384.63","230.98","2466","14.73"
"2026-09-17T01:19:20.1347717Z","4","372.46","230.99","2466","14.73"
"2026-09-17T01:19:25.1610160Z","4","372.37","231.09","2466","14.73"
"2026-09-17T01:19:30.1839826Z","4","372.37","231.09","2466","14.73"
"2026-09-17T01:19:35.2091251Z","4","372.37","231.09","2466","14.73"
"2026-09-17T01:19:40.2320731Z","4","372.37","231.09","2466","14.73"
"2026-09-17T01:19:45.2452523Z","4","372.37","231.09","2466","14.75"
"2026-09-17T01:19:50.2655309Z","4","372.37","231.09","2466","14.75"
"2026-09-17T01:19:55.2880200Z","4","372.37","231.09","2466","14.75"
"2026-09-17T01:20:00.3081728Z","4","372.37","231.09","2466","14.75"
"2026-09-17T01:20:05.3340428Z","4","372.37","231.09","2466","14.75"
"2026-09-17T01:20:10.3528838Z","4","372.37","231.09","2466","14.75"
"2026-09-17T01:20:15.3804634Z","4","372.37","231.09","2466","14.75"
"2026-09-17T01:20:20.3985949Z","4","372.37","231.09","2466","14.75"
"2026-09-17T01:20:25.4169122Z","4","372.37","231.09","2466","14.75"
"2026-09-17T01:20:30.4449697Z","4","373.39","231.09","2466","14.75"
"2026-09-17T01:20:35.4640932Z","4","373.39","231.09","2466","14.75"
"2026-09-17T01:20:40.4924711Z","4","373.32","230.89","2464","14.75"
"2026-09-17T01:20:45.5097171Z","4","373.32","230.89","2464","14.75"
"2026-09-17T01:20:50.5320642Z","4","373.32","230.89","2464","14.75"
"2026-09-17T01:20:55.5537905Z","4","373.32","230.89","2464","14.75"
"2026-09-17T01:21:00.5695072Z","4","373.32","230.89","2464","14.75"
"2026-09-17T01:21:05.5894280Z","4","373.32","230.89","2464","14.75"
"2026-09-17T01:21:10.6153890Z","4","373.32","230.89","2464","14.75"
"2026-09-17T01:21:15.6427831Z","4","373.32","230.89","2464","14.75"
"2026-09-17T01:21:20.6667894Z","4","373.32","230.89","2464","14.77"
"2026-09-17T01:21:25.6921185Z","4","373.32","230.89","2464","14.77"
"2026-09-17T01:21:30.7133475Z","4","373.32","230.89","2464","14.77"
"2026-09-17T01:21:35.7348977Z","4","373.32","230.89","2464","14.77"
"2026-09-17T01:21:40.7580926Z","4","373.32","230.89","2464","14.77"
"2026-09-17T01:21:45.7797852Z","4","373.32","230.89","2464","14.77"
"2026-09-17T01:21:50.7905111Z","4","373.3","230.85","2462","14.77"
"2026-09-17T01:21:55.8088372Z","4","373.3","230.85","2462","14.77"
"2026-09-17T01:22:00.8254012Z","4","373.3","230.85","2462","14.77"
"2026-09-17T01:22:05.8457209Z","4","373.3","230.85","2462","14.77"
"2026-09-17T01:22:10.8732434Z","4","373.3","230.85","2462","14.77"
"2026-09-17T01:22:15.8937202Z","4","373.37","230.85","2462","14.77"
"2026-09-17T01:22:20.9140164Z","4","373.37","230.85","2462","14.77"
"2026-09-17T01:22:25.9242458Z","4","373.37","230.85","2462","14.77"
"2026-09-17T01:22:30.9376742Z","4","373.38","230.85","2462","14.78"
"2026-09-17T01:22:35.9610641Z","4","373.38","230.85","2462","14.78"
"2026-09-17T01:22:40.9895580Z","4","373.38","230.85","2462","14.78"
"2026-09-17T01:22:46.0137751Z","4","373.38","230.85","2462","14.8"
"2026-09-17T01:22:51.0391388Z","4","373.38","230.85","2462","14.8"
"2026-09-17T01:22:56.0666400Z","4","373.38","230.85","2462","14.8"
"2026-09-17T01:23:01.0851300Z","4","373.38","230.85","2462","14.8"
"2026-09-17T01:23:06.1070229Z","4","373.38","230.85","2462","14.8"
"2026-09-17T01:23:11.1292476Z","4","373.38","230.85","2462","14.8"
"2026-09-17T01:23:16.1566892Z","4","368.86","230.85","2462","14.81"
"2026-09-17T01:23:21.1740560Z","4","368.86","230.85","2462","14.83"
"2026-09-17T01:23:26.1962752Z","4","368.86","230.85","2462","14.83"
"2026-09-17T01:23:31.2233792Z","4","368.86","230.85","2462","14.83"
"2026-09-17T01:23:36.2373150Z","4","368.86","230.85","2462","14.86"
"2026-09-17T01:23:41.2557858Z","4","368.86","230.85","2462","14.86"
"2026-09-17T01:23:46.2769817Z","4","368.86","230.85","2462","14.86"
"2026-09-17T01:23:51.2988044Z","4","368.89","230.88","2462","14.86"
"2026-09-17T01:23:56.3264921Z","4","368.89","230.88","2462","14.91"
"2026-09-17T01:24:01.3518755Z","4","368.89","230.88","2462","14.92"
"2026-09-17T01:24:06.3660975Z","4","368.89","230.88","2462","14.92"
"2026-09-17T01:24:11.3884589Z","4","368.89","230.88","2462","14.94"
"2026-09-17T01:24:16.4086842Z","4","368.89","230.88","2462","14.94"
"2026-09-17T01:24:21.4320254Z","4","368.89","230.88","2462","14.94"
"2026-09-17T01:24:26.4448913Z","4","368.89","230.88","2462","14.94"
"2026-09-17T01:24:31.4702108Z","4","368.89","230.88","2462","14.94"
"2026-09-17T01:24:36.4895018Z","4","368.89","230.88","2462","14.94"
"2026-09-17T01:24:41.5004733Z","4","368.89","230.88","2462","14.94"
"2026-09-17T01:24:46.5290128Z","4","368.89","230.88","2462","14.94"
"2026-09-17T01:24:51.5500488Z","4","368.89","230.88","2462","14.94"
"2026-09-17T01:24:56.5672192Z","4","368.89","230.88","2462","14.94"
"2026-09-17T01:25:01.5833635Z","4","368.89","230.88","2462","14.97"
"2026-09-17T01:25:06.6079046Z","4","368.89","230.88","2462","14.97"
"2026-09-17T01:25:11.6272130Z","4","368.89","230.88","2462","14.97"
"2026-09-17T01:25:16.6488736Z","4","368.89","230.88","2462","14.97"
"2026-09-17T01:25:21.6629145Z","4","368.89","230.88","2462","14.97"
"2026-09-17T01:25:26.6806751Z","4","368.89","230.88","2462","14.97"
"2026-09-17T01:25:31.6939740Z","4","368.89","230.88","2462","14.97"
"2026-09-17T01:25:36.7118294Z","4","368.89","230.88","2462","14.97"
"2026-09-17T01:25:41.7235446Z","4","368.89","230.88","2462","14.97"
"2026-09-17T01:25:46.7459875Z","4","368.9","230.88","2462","14.97"
"2026-09-17T01:25:51.7669665Z","4","368.9","230.88","2462","14.97"
"2026-09-17T01:25:56.7946112Z","4","368.9","230.88","2462","14.97"
"2026-09-17T01:26:01.8183033Z","4","368.9","230.88","2462","14.97"
"2026-09-17T01:26:06.8322210Z","4","368.9","230.88","2462","14.97"
"2026-09-17T01:26:11.8506296Z","4","368.9","230.88","2462","14.97"
"2026-09-17T01:26:16.8767005Z","4","368.87","230.82","2462","14.97"
"2026-09-17T01:26:21.8942728Z","4","368.88","230.85","2462","14.97"
"2026-09-17T01:26:26.9200241Z","4","368.88","230.85","2462","14.97"
"2026-09-17T01:26:31.9373619Z","4","368.88","230.85","2462","14.97"
"2026-09-17T01:26:36.9620002Z","4","368.88","230.85","2462","14.98"
"2026-09-17T01:26:41.9902075Z","4","368.88","230.85","2462","14.98"
"2026-09-17T01:26:47.0183747Z","4","368.88","230.85","2462","15.02"
"2026-09-17T01:26:52.0396460Z","4","368.88","230.85","2462","15.02"
"2026-09-17T01:26:57.0613920Z","4","368.88","230.85","2462","15.02"
"2026-09-17T01:27:02.0794457Z","4","368.88","230.85","2462","15.05"
"2026-09-17T01:27:07.1002249Z","4","368.88","230.85","2462","15.05"
"2026-09-17T01:27:12.1243887Z","4","368.88","230.85","2462","15.05"
"2026-09-17T01:27:17.1492506Z","4","368.88","230.85","2462","15.05"
"2026-09-17T01:27:22.1731443Z","4","368.88","230.85","2462","15.05"
"2026-09-17T01:27:27.1966002Z","4","368.89","230.85","2462","15.05"
"2026-09-17T01:27:32.2128340Z","4","368.89","230.85","2462","15.05"
"2026-09-17T01:27:37.2348239Z","4","368.89","230.85","2462","15.05"
"2026-09-17T01:27:42.2509192Z","4","368.89","230.85","2462","15.06"
"2026-09-17T01:27:47.2705922Z","4","368.89","230.85","2462","15.06"
"2026-09-17T01:27:52.2932233Z","4","368.89","230.85","2462","15.08"
"2026-09-17T01:27:57.3234127Z","4","368.89","230.85","2462","15.08"
"2026-09-17T01:28:02.3473825Z","4","368.89","230.85","2462","15.09"
"2026-09-17T01:28:07.3714572Z","4","368.89","230.85","2462","15.09"
"2026-09-17T01:28:12.3837348Z","4","368.89","230.85","2462","15.09"
"2026-09-17T01:28:17.4075771Z","4","368.89","230.85","2462","15.09"
"2026-09-17T01:28:22.4347868Z","4","368.89","230.85","2462","15.11"
"2026-09-17T01:28:27.4614369Z","4","368.89","230.85","2462","15.11"
"2026-09-17T01:28:32.4727251Z","4","368.89","230.85","2462","15.11"
"2026-09-17T01:28:37.4887257Z","4","368.89","230.85","2462","15.11"
"2026-09-17T01:28:42.5053210Z","4","368.89","230.85","2462","15.11"
"2026-09-17T01:28:47.5364807Z","4","368.89","230.85","2462","15.11"
"2026-09-17T01:28:52.5625513Z","4","368.92","230.88","2462","15.11"
"2026-09-17T01:28:57.5838036Z","4","368.92","230.88","2462","15.11"
"2026-09-17T01:29:02.6088901Z","4","368.92","230.88","2462","15.11"
"2026-09-17T01:29:07.6301360Z","4","368.93","230.88","2462","15.11"
"2026-09-17T01:29:12.6550866Z","4","368.93","230.88","2462","15.11"
"2026-09-17T01:29:17.6770020Z","4","368.93","230.88","2462","15.11"
"2026-09-17T01:29:22.7024265Z","4","368.93","230.88","2462","15.11"
"2026-09-17T01:29:27.7304882Z","4","368.93","230.88","2462","15.11"
"2026-09-17T01:29:32.7580514Z","4","368.93","230.88","2462","15.11"
"2026-09-17T01:29:37.7829681Z","4","368.93","230.88","2462","15.11"
"2026-09-17T01:29:42.8086758Z","4","368.93","230.88","2462","15.11"
"2026-09-17T01:29:47.8231609Z","4","368.93","230.88","2462","15.11"
"2026-09-17T01:29:52.8475758Z","4","368.93","230.88","2462","15.11"
"2026-09-17T01:29:57.8727350Z","4","368.93","230.88","2462","15.11"
"2026-09-17T01:30:02.8995610Z","4","368.93","230.88","2462","15.11"
"2026-09-17T01:30:07.9122467Z","4","368.93","230.88","2462","15.11"
"2026-09-17T01:30:12.9356294Z","4","368.93","230.88","2462","15.11"
"2026-09-17T01:30:17.9646560Z","4","368.93","230.88","2462","15.11"
"2026-09-17T01:30:22.9882987Z","4","368.93","230.88","2462","15.11"
"2026-09-17T01:30:28.0069454Z","4","368.93","230.88","2462","15.11"
"2026-09-17T01:30:33.0269588Z","4","368.93","230.88","2462","15.11"
"2026-09-17T01:30:38.0457648Z","4","368.93","230.88","2462","15.11"
"2026-09-17T01:30:43.0691278Z","4","368.89","230.82","2462","15.11"
"2026-09-17T01:30:48.0969697Z","4","368.91","230.85","2462","15.11"
"2026-09-17T01:30:53.1157164Z","4","368.91","230.85","2462","15.11"
"2026-09-17T01:30:58.1352431Z","4","368.91","230.85","2462","15.11"
"2026-09-17T01:31:03.1563309Z","4","368.91","230.85","2462","15.12"
"2026-09-17T01:31:08.1679920Z","4","368.91","230.85","2462","15.12"
"2026-09-17T01:31:13.1835800Z","4","368.91","230.85","2462","15.12"
"2026-09-17T01:31:18.2080418Z","4","368.91","230.85","2462","15.12"
"2026-09-17T01:31:23.2319494Z","4","368.91","230.85","2462","15.12"
"2026-09-17T01:31:28.2491633Z","4","368.91","230.85","2462","15.12"
"2026-09-17T01:31:33.2745811Z","4","368.91","230.85","2462","15.12"
"2026-09-17T01:31:38.2879644Z","4","368.91","230.85","2462","15.12"
"2026-09-17T01:31:43.3063119Z","4","368.91","230.85","2462","15.12"
"2026-09-17T01:31:48.3330750Z","4","368.91","230.85","2462","15.12"
"2026-09-17T01:31:53.3570155Z","4","368.91","230.85","2462","15.14"
"2026-09-17T01:31:58.3864374Z","4","368.91","230.85","2462","15.14"
"2026-09-17T01:32:03.3996761Z","4","368.91","230.85","2462","15.14"
"2026-09-17T01:32:08.4173115Z","4","368.91","230.85","2462","15.14"
"2026-09-17T01:32:13.4304119Z","4","368.91","230.85","2462","15.14"
"2026-09-17T01:32:18.4592640Z","4","368.91","230.85","2462","15.14"
"2026-09-17T01:32:23.4837421Z","4","368.91","230.85","2462","15.14"
"2026-09-17T01:32:28.4990297Z","4","368.92","230.85","2462","15.14"
"2026-09-17T01:32:33.5281514Z","4","368.92","230.85","2462","15.14"
"2026-09-17T01:32:38.5540785Z","4","368.92","230.85","2462","15.14"
"2026-09-17T01:32:43.5760793Z","4","368.92","230.85","2462","15.14"
"2026-09-17T01:32:48.5889325Z","4","368.92","230.85","2462","15.14"
"2026-09-17T01:32:53.6195822Z","4","368.92","230.85","2462","15.16"
"2026-09-17T01:32:58.6339045Z","4","368.92","230.85","2462","15.16"
"2026-09-17T01:33:03.6531552Z","4","368.92","230.85","2462","15.16"
"2026-09-17T01:33:08.6781051Z","4","368.92","230.85","2462","15.16"
"2026-09-17T01:33:13.7013422Z","4","368.92","230.85","2462","15.17"
"2026-09-17T01:33:18.7309910Z","4","368.92","230.85","2462","15.17"
"2026-09-17T01:33:23.7491608Z","4","368.92","230.85","2462","15.19"
"2026-09-17T01:33:28.7728987Z","4","368.92","230.85","2462","15.19"
"2026-09-17T01:33:33.7871592Z","4","368.92","230.85","2462","15.19"
"2026-09-17T01:33:38.8093967Z","4","368.92","230.85","2462","15.2"
"2026-09-17T01:33:43.8285043Z","4","368.92","230.85","2462","15.2"
"2026-09-17T01:33:48.8482284Z","4","368.93","230.88","2462","15.2"
"2026-09-17T01:33:53.8748902Z","4","368.93","230.88","2462","15.22"
"2026-09-17T01:33:58.9049631Z","4","368.93","230.88","2462","15.22"
"2026-09-17T01:34:03.9269672Z","4","368.93","230.88","2462","15.22"
"2026-09-17T01:34:08.9449582Z","4","368.94","230.88","2462","15.22"
"2026-09-17T01:34:13.9620362Z","4","368.94","230.88","2462","15.22"
"2026-09-17T01:34:18.9788302Z","4","368.87","230.88","2462","15.22"
"2026-09-17T01:34:23.9980332Z","4","368.87","230.88","2462","15.22"
"2026-09-17T01:34:29.0122450Z","4","368.87","230.88","2462","15.22"
"2026-09-17T01:34:34.0383911Z","4","368.87","230.88","2462","15.22"
"2026-09-17T01:34:39.0610380Z","4","368.87","230.88","2462","15.22"
"2026-09-17T01:34:44.0729059Z","4","368.87","230.88","2462","15.22"
"2026-09-17T01:34:49.0973540Z","4","368.87","230.88","2462","15.22"
"2026-09-17T01:34:54.1189727Z","4","368.87","230.88","2462","15.22"
"2026-09-17T01:34:59.1449136Z","4","368.87","230.88","2462","15.22"
"2026-09-17T01:35:04.1734965Z","4","368.87","230.88","2462","15.23"
"2026-09-17T01:35:09.2052215Z","4","368.87","230.88","2462","15.25"
"2026-09-17T01:35:14.2219981Z","4","368.84","230.82","2462","15.25"
"2026-09-17T01:35:19.2478446Z","4","368.85","230.85","2462","15.25"
"2026-09-17T01:35:24.2707450Z","4","368.85","230.85","2462","15.25"
"2026-09-17T01:35:29.2983217Z","4","368.85","230.85","2462","15.25"
"2026-09-17T01:35:34.3130729Z","4","368.85","230.85","2462","15.25"
"2026-09-17T01:35:39.3403858Z","4","368.85","230.85","2462","15.28"
"2026-09-17T01:35:44.3590270Z","4","368.85","230.85","2462","15.28"
"2026-09-17T01:35:49.3798703Z","4","368.86","230.85","2462","15.28"
"2026-09-17T01:35:54.4050583Z","4","368.86","230.85","2462","15.3"
"2026-09-17T01:35:59.4268864Z","4","368.86","230.85","2462","15.3"
"2026-09-17T01:36:04.4535384Z","4","368.86","230.85","2462","15.33"
"2026-09-17T01:36:09.4661339Z","4","368.86","230.85","2462","15.36"
"2026-09-17T01:36:14.4829088Z","4","368.86","230.85","2462","15.36"
"2026-09-17T01:36:19.5119548Z","4","368.86","230.85","2462","15.36"
"2026-09-17T01:36:24.5365979Z","4","368.86","230.85","2462","15.36"
"2026-09-17T01:36:29.5562675Z","4","368.86","230.85","2462","15.39"
"2026-09-17T01:36:34.5733832Z","4","368.86","230.85","2462","15.39"
"2026-09-17T01:36:39.5978422Z","4","368.86","230.85","2462","15.39"
"2026-09-17T01:36:44.6247488Z","4","368.86","230.85","2462","15.41"
"2026-09-17T01:36:49.6472252Z","4","368.86","230.85","2462","15.41"
"2026-09-17T01:36:54.6727093Z","4","368.86","230.85","2462","15.41"
"2026-09-17T01:36:59.6904139Z","4","368.86","230.85","2462","15.42"
"2026-09-17T01:37:04.7058638Z","4","368.86","230.85","2462","15.42"
"2026-09-17T01:37:09.7216350Z","4","368.86","230.85","2462","15.44"
"2026-09-17T01:37:14.7432002Z","4","368.86","230.85","2462","15.44"
"2026-09-17T01:37:19.7635444Z","4","368.86","230.85","2462","15.44"
"2026-09-17T01:37:24.7856591Z","4","368.86","230.85","2462","15.44"
"2026-09-17T01:37:29.8016854Z","4","368.86","230.85","2462","15.44"
"2026-09-17T01:37:34.8266515Z","4","368.86","230.85","2462","15.44"
"2026-09-17T01:37:39.8525395Z","4","368.86","230.85","2462","15.44"
"2026-09-17T01:37:44.8715325Z","4","368.86","230.85","2462","15.44"
"2026-09-17T01:37:49.8982535Z","4","368.86","230.85","2462","15.44"
"2026-09-17T01:37:54.9219642Z","4","368.86","230.85","2462","15.44"
"2026-09-17T01:37:59.9355144Z","4","368.86","230.85","2462","15.44"
"2026-09-17T01:38:04.9592588Z","4","368.86","230.85","2462","15.44"
"2026-09-17T01:38:09.9827637Z","4","368.86","230.85","2462","15.44"
"2026-09-17T01:38:15.0048434Z","4","368.86","230.85","2462","15.44"
"2026-09-17T01:38:20.0283105Z","4","368.86","230.85","2462","15.45"
"2026-09-17T01:38:25.0427948Z","4","368.86","230.85","2462","15.45"
"2026-09-17T01:38:30.0642046Z","4","368.86","230.85","2462","15.45"
"2026-09-17T01:38:35.0904917Z","4","368.86","230.85","2462","15.45"
"2026-09-17T01:38:40.1026267Z","4","368.86","230.85","2462","15.45"
"2026-09-17T01:38:45.1262792Z","4","368.86","230.85","2462","15.47"
"2026-09-17T01:38:50.1454253Z","4","368.88","230.88","2462","15.47"
"2026-09-17T01:38:55.1605428Z","4","368.88","230.88","2462","15.47"
"2026-09-17T01:39:00.1744306Z","4","368.88","230.88","2462","15.47"
"2026-09-17T01:39:05.1933333Z","4","368.88","230.88","2462","15.47"
"2026-09-17T01:39:10.2154215Z","4","368.88","230.88","2462","15.47"
"2026-09-17T01:39:15.2300995Z","4","368.88","230.88","2462","15.48"
"2026-09-17T01:39:20.2512963Z","4","368.88","230.88","2462","15.5"
"2026-09-17T01:39:25.2665999Z","4","368.88","230.88","2462","15.5"
"2026-09-17T01:39:30.2814140Z","4","368.88","230.88","2462","15.52"
"2026-09-17T01:39:35.2969892Z","4","368.88","230.88","2462","15.52"
"2026-09-17T01:39:40.3231783Z","4","368.86","230.85","2462","15.52"
"2026-09-17T01:39:45.3422261Z","4","368.86","230.85","2462","15.52"
"2026-09-17T01:39:50.3633246Z","4","368.88","230.88","2462","15.52"
"2026-09-17T01:39:55.3751880Z","4","368.88","230.88","2462","15.53"
"2026-09-17T01:40:00.4016665Z","4","368.88","230.88","2462","15.53"
"2026-09-17T01:40:05.4271474Z","4","368.88","230.88","2462","15.53"
"2026-09-17T01:40:10.4569619Z","4","368.88","230.88","2462","15.53"
"2026-09-17T01:40:15.4760820Z","4","368.88","230.88","2462","15.53"
"2026-09-17T01:40:20.4920278Z","4","368.88","230.88","2462","15.53"
"2026-09-17T01:40:25.5073418Z","4","368.88","230.88","2462","15.53"
"2026-09-17T01:40:30.5290378Z","4","368.88","230.88","2462","15.56"
"2026-09-17T01:40:35.5485920Z","4","368.88","230.88","2462","15.56"
"2026-09-17T01:40:40.5767776Z","4","368.88","230.88","2462","15.56"
"2026-09-17T01:40:45.5917334Z","4","368.88","230.88","2462","15.56"
"2026-09-17T01:40:50.6123810Z","4","368.87","230.85","2462","15.61"
"2026-09-17T01:40:55.6409492Z","4","368.87","230.85","2462","15.62"
"2026-09-17T01:41:00.6638716Z","4","368.87","230.85","2462","15.62"
"2026-09-17T01:41:05.6897435Z","4","368.87","230.85","2462","15.62"
"2026-09-17T01:41:10.7124094Z","4","368.87","230.85","2462","15.62"
"2026-09-17T01:41:15.7275756Z","4","368.87","230.85","2462","15.62"
"2026-09-17T01:41:20.7417990Z","4","368.87","230.85","2462","15.62"
"2026-09-17T01:41:25.7576782Z","4","368.87","230.85","2462","15.62"
"2026-09-17T01:41:30.7706468Z","4","368.87","230.85","2462","15.62"
"2026-09-17T01:41:35.7967513Z","4","368.87","230.85","2462","15.62"
"2026-09-17T01:41:40.8155689Z","4","368.87","230.85","2462","15.62"
"2026-09-17T01:41:45.8385948Z","4","368.87","230.85","2462","15.62"
"2026-09-17T01:41:50.8649664Z","4","368.87","230.85","2462","15.62"
"2026-09-17T01:41:55.8948453Z","4","368.87","230.85","2462","15.62"
"2026-09-17T01:42:00.9109482Z","4","368.87","230.85","2462","15.62"
"2026-09-17T01:42:05.9361876Z","4","368.87","230.85","2462","15.62"
"2026-09-17T01:42:10.9629662Z","4","368.87","230.85","2462","15.62"
"2026-09-17T01:42:15.9904021Z","4","368.87","230.85","2462","15.64"
"2026-09-17T01:42:21.0077959Z","4","368.87","230.85","2462","15.64"
"2026-09-17T01:42:26.0343319Z","4","368.87","230.85","2462","15.64"
"2026-09-17T01:42:31.0563170Z","4","368.87","230.85","2462","15.64"
"2026-09-17T01:42:36.0761255Z","4","368.87","230.85","2462","15.66"
"2026-09-17T01:42:41.1017873Z","4","368.87","230.85","2462","15.66"
"2026-09-17T01:42:46.1200841Z","4","368.87","230.85","2462","15.66"
"2026-09-17T01:42:51.1479005Z","4","368.87","230.85","2462","15.66"
"2026-09-17T01:42:56.1689404Z","4","369.01","230.98","2468","15.67"
"2026-09-17T01:43:01.1867679Z","4","369.03","230.99","2474","15.67"
"2026-09-17T01:43:06.2025926Z","4","369.03","230.99","2474","15.69"
"2026-09-17T01:43:11.2264684Z","4","369.03","230.99","2474","15.69"
"2026-09-17T01:43:16.2411817Z","4","369.03","230.99","2474","15.69"
"2026-09-17T01:43:21.2606800Z","4","369.03","230.99","2474","15.69"
"2026-09-17T01:43:26.2804589Z","4","369.03","230.99","2474","15.75"
"2026-09-17T01:43:31.3137397Z","4","369.03","230.99","2472","15.75"
"2026-09-17T01:43:36.3413215Z","4","369.03","230.99","2472","15.75"
"2026-09-17T01:43:41.3551508Z","4","369.03","230.99","2472","15.77"
"2026-09-17T01:43:46.3707810Z","4","369.03","230.99","2472","15.77"
"2026-09-17T01:43:51.3937431Z","4","369.05","230.99","2472","15.77"
"2026-09-17T01:43:56.4246948Z","4","369.05","230.99","2472","15.77"
"2026-09-17T01:44:01.4449418Z","4","369.05","230.99","2472","15.78"
